rouge1,rouge2,rougeL,rougeLsum,BLEU
49.967988346244105,22.446687093800705,25.886235731245588,49.93820297771393,16.50249528896589
