rouge1,rouge2,rougeL,rougeLsum
49.870934635760314,22.43220244096173,25.93677207101744,49.99315532626395
